Comment,Designator,Footprint,LCSC Part #
CL21A106KAYNNNE,"C1,C3,C5",C_0805_2012Metric,C15850
CL05A105KA5NQNC,"C2,C8,C13,C14",C_0402_1005Metric,C52923
CL05B104KO5NNNC,"C4,C7,C10,C11",C_0402_1005Metric,C1525
CL21A226MAQNNNE,"C6,C9",C_0805_2012Metric,C45783
CL05A475MP5NRNC,C12,C_0402_1005Metric,C23733
CL05A225KP5NSNC,"C15,C16",C_0402_1005Metric,C107369
0402B102K500NT,C17,C_0402_1005Metric,C1523
CC0402JRNPO9BN470,"C18,C26",C_0402_1005Metric,C60137
0402CG220J500NT,C19,C_0402_1005Metric,C1555
CQ0402BRNPO9BN7R5,C20,C_0402_1005Metric,C1855318
CC0402BRNPO9BN1R8,"C21,C23",C_0402_1005Metric,C327209
CC0402BRNPO9BN3R9,C22,C_0402_1005Metric,C505474
0402CG180J500NT,"C24,C32",C_0402_1005Metric,C1549
CC0402BRNPO9BN2R2,C25,C_0402_1005Metric,C325452
CC0402BRNPO9BN6R8,C27,C_0402_1005Metric,C327291
CC0402BRNPO9BN2R7,C28,C_0402_1005Metric,C326937
RF15N1R1B500CT,C29,C_0402_1005Metric,C180259
CC0402BRNPO9BN1R2,C30,C_0402_1005Metric,C327292
CC0402BRNPO9BN2R0,C31,C_0402_1005Metric,C281756
B5819W,"D1,D2",D_SOD-123,C8598
SMF5.0CA,D3,D_SOD-123F,C2980402
LTST-C190KGKT,D4,LED_0603_1608Metric,C125094
KT-0603R,D5,LED_0603_1608Metric,C2286
BLM15AG121SN1D,"FB1,FB2,FB3",L_0402_1005Metric,C85812
HRO TYPE-C-31-M-12,J1,USB_C_Receptacle_HRO_TYPE-C-31-M-12,C165948
KF301-5.0-2P,J2,"TerminalBlock_Phoenix_MKDS-1,5-2_1x02_P5.00mm_Horizontal",C474881
KF301-5.0-2P,J3,"TerminalBlock_Phoenix_MKDS-1,5-2_1x02_P5.00mm_Horizontal",C474881
HX PZ2.54-2x10P ZZ,J4,PinHeader_2x10_P2.54mm_Vertical,C42372518
SMA-J-P-H-ST-EM1,J5,SMA_Samtec_SMA-J-P-H-ST-EM1_EdgeMount,C5199907
SMA-J-P-H-ST-EM1,J6,SMA_Samtec_SMA-J-P-H-ST-EM1_EdgeMount,C5199907
LQM18PN2R2MFRL,L1,L_0603_1608Metric,C337910
LQW15AN12NG00D,L2,L_0402_1005Metric,C86128
LQW15AN4N7B00D,L3,L_0402_1005Metric,C98064
LQW15AN3N9B00D,L4,L_0402_1005Metric,C98062
LQW15AN2N4B00D,"L5,L13",L_0402_1005Metric,C113113
LQW15AN22NG00D,L6,L_0402_1005Metric,C86129
LQW15AN24NG00D,L7,L_0402_1005Metric,C167472
LQW15AN18NG00D,L8,L_0402_1005Metric,C91622
LQW15AN1N5B00D,L9,L_0402_1005Metric,C18221
MWSD1005C1N6STM01,L10,L_0402_1005Metric,C778760
MHQ1005P1N1BT000,L11,L_0402_1005Metric,C1332701
0402WGF5101TCE,"R1,R2",R_0402_1005Metric,C25905
0402WGF1001TCE,"R3,R6",R_0402_1005Metric,C11702
0402WGF1002TCE,"R4,R5,R7",R_0402_1005Metric,C25744
0402WGF1203TCE,R8,R_0402_1005Metric,C25750
TS-1187A-B-A-B,SW1,SW_Push_1P1T_XKB_TS-1187A,C318884
TS-1187A-B-A-B,SW2,SW_Push_1P1T_XKB_TS-1187A,C318884
NCP15WF104F03RC,TH1,R_0402_1005Metric,C77130
USBLC6-2SC6,U1,SOT-23-6,C7519
AP7361C-33E-13,U2,SOT-223-3_TabPin2,C500795
LM66100DCKR,"U3,U4",SOT-363_SC-70-6,C2869734
ESP32-S3-WROOM-1U-N16R8,U5,ESP32-S3-WROOM-1U,C3013946
LR2021IMLTRT,U6,QFN-32-1EP_5x5mm_P0.5mm_EP3.7x3.7mm_ThermalVias,C49421489
NX2016SA-32M-EXS00A-CS06465,Y1,Crystal_SMD_2016-4Pin_2.0x1.6mm,C1986260
