Designator,Mid X,Mid Y,Layer,Rotation
C1,119.2000mm,-134.4000mm,Top,90.0
C2,121.0000mm,-134.4000mm,Top,90.0
C3,133.7000mm,-136.6000mm,Top,90.0
C4,135.5000mm,-136.6000mm,Top,90.0
C5,118.9000mm,-138.4000mm,Top,90.0
C6,142.4000mm,-136.4000mm,Top,90.0
C7,144.2000mm,-136.4000mm,Top,90.0
C8,101.6000mm,-116.6000mm,Top,90.0
C9,101.6000mm,-111.0000mm,Top,90.0
C10,101.6000mm,-108.2000mm,Top,90.0
C11,131.2500mm,-122.3000mm,Top,-90.0
C12,130.0000mm,-122.3000mm,Top,-90.0
C13,128.8000mm,-116.7500mm,Top,90.0
C14,136.3000mm,-122.6000mm,Top,-90.0
C15,126.2000mm,-119.2500mm,Top,-90.0
C16,134.7000mm,-110.6000mm,Top,90.0
C17,135.6000mm,-113.4000mm,Top,90.0
C18,137.5000mm,-128.0000mm,Top,-90.0
C19,141.0000mm,-124.5000mm,Top,0.0
C20,142.5000mm,-126.0000mm,Top,-90.0
C21,144.0000mm,-123.3000mm,Top,0.0
C22,145.5000mm,-126.0000mm,Top,-90.0
C23,148.5000mm,-126.0000mm,Top,-90.0
C24,148.5000mm,-123.0000mm,Top,-90.0
C25,142.0000mm,-120.2500mm,Top,90.0
C26,137.5000mm,-108.0000mm,Top,90.0
C27,141.0000mm,-111.5000mm,Top,0.0
C28,142.5000mm,-110.0000mm,Top,90.0
C29,144.0000mm,-112.7000mm,Top,0.0
C30,145.5000mm,-110.0000mm,Top,90.0
C31,148.5000mm,-110.0000mm,Top,90.0
C32,145.5000mm,-113.0000mm,Top,90.0
D1,114.8000mm,-134.0000mm,Top,0.0
D2,114.8000mm,-137.0000mm,Top,0.0
D3,121.5000mm,-138.6000mm,Top,90.0
D4,151.6000mm,-136.6000mm,Top,0.0
D5,147.8000mm,-136.6000mm,Top,0.0
FB1,128.5000mm,-122.3000mm,Top,90.0
FB2,127.5000mm,-116.7500mm,Top,90.0
FB3,124.9000mm,-119.2500mm,Top,-90.0
J1,103.0000mm,-133.0000mm,Top,-90.0
J2,103.0000mm,-147.0000mm,Top,0.0
J3,114.5000mm,-147.0000mm,Top,0.0
J4,138.4000mm,-149.6000mm,Top,90.0
J5,161.9000mm,-131.0000mm,Top,0.0
J6,161.9000mm,-105.0000mm,Top,0.0
L1,128.2000mm,-120.4000mm,Top,180.0
L2,137.5000mm,-126.0000mm,Top,90.0
L3,139.0000mm,-124.5000mm,Top,0.0
L4,144.0000mm,-124.5000mm,Top,0.0
L5,147.0000mm,-124.5000mm,Top,0.0
L6,149.6000mm,-126.0000mm,Top,-90.0
L7,140.0000mm,-121.7500mm,Top,0.0
L8,137.5000mm,-110.0000mm,Top,-90.0
L9,139.0000mm,-111.5000mm,Top,0.0
L10,144.0000mm,-111.5000mm,Top,0.0
L11,147.0000mm,-111.5000mm,Top,0.0
L13,140.0000mm,-114.2500mm,Top,0.0
R1,110.4000mm,-136.8000mm,Top,0.0
R2,110.4000mm,-138.4000mm,Top,0.0
R3,151.6000mm,-138.6000mm,Top,0.0
R4,101.6000mm,-114.0000mm,Top,90.0
R5,123.6000mm,-128.6000mm,Top,90.0
R6,147.8000mm,-138.6000mm,Top,0.0
R7,123.6000mm,-131.6000mm,Top,90.0
R8,129.8000mm,-113.4000mm,Top,90.0
SW1,125.6000mm,-147.2000mm,Top,90.0
SW2,132.0000mm,-147.2000mm,Top,90.0
TH1,129.8000mm,-111.4000mm,Top,90.0
U1,112.0000mm,-130.6000mm,Top,0.0
U2,128.0000mm,-138.5000mm,Top,0.0
U3,138.6000mm,-136.0000mm,Top,0.0
U4,138.6000mm,-140.6000mm,Top,0.0
U5,113.0000mm,-113.0000mm,Top,0.0
U6,133.0000mm,-118.0000mm,Top,-90.0
Y1,132.4000mm,-112.0000mm,Top,-90.0
