Qty,References,Value,Description,Footprint,MPN,LCSC,Notes,Populate
3,C1 C3 C5,10uF,10uF 16V X5R 0805,C_0805_2012Metric,CL21A106KAYNNNE,C15850,,yes
5,C2 C4 C7 C10 C11,100nF,100nF 16V X7R 0402,C_0402_1005Metric,CL05B104KO5NNNC,C1525,,yes
2,C6 C9,22uF,22uF 16V X5R 0805,C_0805_2012Metric,CL21A226MAQNNNE,C45783,,yes
3,C8 C13 C14,1uF,1uF 10V X5R 0402,C_0402_1005Metric,CL05A105KA5NQNC,C52923,,yes
1,C12,4.7uF,4.7uF 10V X5R 0402,C_0402_1005Metric,CL05A475MP5NRNC,C23733,,yes
2,C15 C16,2.2uF,2.2uF 10V X5R 0402,C_0402_1005Metric,CL05A225KP5NSNC,C107369,,yes
1,C17,1nF,1nF 16V X7R 0402,C_0402_1005Metric,0402B102K500NT,C1523,,yes
2,C18 C26,47pF,47pF 50V C0G/NP0 0402,C_0402_1005Metric,CC0402JRNPO9BN470,C60137,"C0G/NP0, +/-0.1pF (<10pF) or 2%, Murata GRM15/GJM15 high-Q",yes
1,C19,22pF,22pF 50V C0G/NP0 0402,C_0402_1005Metric,0402CG220J500NT,C1555,"C0G/NP0, +/-0.1pF (<10pF) or 2%, Murata GRM15/GJM15 high-Q",yes
1,C20,7.5pF,7.5pF 50V C0G/NP0 0402,C_0402_1005Metric,CQ0402BRNPO9BN7R5,C1855318,"C0G/NP0, +/-0.1pF (<10pF) or 2%, Murata GRM15/GJM15 high-Q",yes
2,C21 C23,1.8pF,1.8pF 50V C0G/NP0 0402,C_0402_1005Metric,CC0402BRNPO9BN1R8,C327209,"C0G/NP0, +/-0.1pF (<10pF) or 2%, Murata GRM15/GJM15 high-Q",yes
1,C22,3.9pF,3.9pF 50V C0G/NP0 0402,C_0402_1005Metric,CC0402BRNPO9BN3R9,C505474,"C0G/NP0, +/-0.1pF (<10pF) or 2%, Murata GRM15/GJM15 high-Q",yes
2,C24 C32,18pF,18pF 50V C0G/NP0 0402,C_0402_1005Metric,0402CG180J500NT,C1549,"C0G/NP0, +/-0.1pF (<10pF) or 2%, Murata GRM15/GJM15 high-Q",yes
1,C25,2.2pF,2.2pF 50V C0G/NP0 0402,C_0402_1005Metric,CC0402BRNPO9BN2R2,C325452,"C0G/NP0, +/-0.1pF (<10pF) or 2%, Murata GRM15/GJM15 high-Q",yes
1,C27,6.8pF,6.8pF 50V C0G/NP0 0402,C_0402_1005Metric,CC0402BRNPO9BN6R8,C327291,"C0G/NP0, +/-0.1pF (<10pF) or 2%, Murata GRM15/GJM15 high-Q",yes
1,C28,2.7pF,2.7pF 50V C0G/NP0 0402,C_0402_1005Metric,CC0402BRNPO9BN2R7,C326937,"C0G/NP0, +/-0.1pF (<10pF) or 2%, Murata GRM15/GJM15 high-Q",yes
1,C29,1.1pF,1.1pF 50V C0G/NP0 0402,C_0402_1005Metric,RF15N1R1B500CT,C180259,"C0G/NP0, +/-0.1pF (<10pF) or 2%, Murata GRM15/GJM15 high-Q",yes
1,C30,1.2pF,1.2pF 50V C0G/NP0 0402,C_0402_1005Metric,CC0402BRNPO9BN1R2,C327292,"C0G/NP0, +/-0.1pF (<10pF) or 2%, Murata GRM15/GJM15 high-Q",yes
1,C31,2.0pF,2.0pF 50V C0G/NP0 0402,C_0402_1005Metric,CC0402BRNPO9BN2R0,C281756,"C0G/NP0, +/-0.1pF (<10pF) or 2%, Murata GRM15/GJM15 high-Q",yes
1,C33,DNP,DNP 10V X5R 0402,C_0402_1005Metric,,,"C0G/NP0, +/-0.1pF (<10pF) or 2%, Murata GRM15/GJM15 high-Q",DNP
2,D1 D2,B5819W,B5819W,D_SOD-123,B5819W,C8598,,yes
1,D3,SMF5.0CA,SMF5.0CA,D_SOD-123F,SMF5.0CA,C2980402,,yes
1,D4,GREEN,GREEN,LED_0603_1608Metric,LTST-C190KGKT,C125094,,yes
1,D5,RED,RED,LED_0603_1608Metric,KT-0603R,C2286,,yes
2,D6 D7,ESD101-B1-02ELS,ESD101-B1-02ELS,D_0402_1005Metric,ESD101-B1-02ELS,,"Optional RF ESD, <=0.2pF, Vrwm>=5.5V",DNP
3,FB1 FB2 FB3,120R,120R,L_0402_1005Metric,BLM15AG121SN1D,C85812,,yes
1,J1,USB-C,USB-C,USB_C_Receptacle_HRO_TYPE-C-31-M-12,HRO TYPE-C-31-M-12,C165948,,yes
1,J2,5V IN,5V IN,"TerminalBlock_Phoenix_MKDS-1,5-2_1x02_P5.00mm_Horizontal",KF301-5.0-2P,C474881,,yes
1,J3,3V3 IN,3V3 IN,"TerminalBlock_Phoenix_MKDS-1,5-2_1x02_P5.00mm_Horizontal",KF301-5.0-2P,C474881,,yes
1,J4,GPIO,GPIO,PinHeader_2x10_P2.54mm_Vertical,HX PZ2.54-2x10P ZZ,C42372518,,yes
1,J5,SMA 915MHz,SMA 915MHz,SMA_Samtec_SMA-J-P-H-ST-EM1_EdgeMount,SMA-J-P-H-ST-EM1,C5199907,"SMA female edge mount, 1.6mm PCB",yes
1,J6,SMA 2.4GHz,SMA 2.4GHz,SMA_Samtec_SMA-J-P-H-ST-EM1_EdgeMount,SMA-J-P-H-ST-EM1,C5199907,"SMA female edge mount, 1.6mm PCB",yes
1,L1,2.2uH,2.2uH,L_0603_1608Metric,LQM18PN2R2MFRL,C337910,"SIMO inductor: DCR<0.5R, Isat>200mA, SRF>20MHz",yes
1,L2,12nH,12nH,L_0402_1005Metric,LQW15AN12NG00D,C86128,"Wire-wound high-Q, +/-2% or +/-0.1nH, Murata LQW15AN series",yes
1,L3,4.7nH,4.7nH,L_0402_1005Metric,LQW15AN4N7B00D,C98064,"Wire-wound high-Q, +/-2% or +/-0.1nH, Murata LQW15AN series",yes
1,L4,3.9nH,3.9nH,L_0402_1005Metric,LQW15AN3N9B00D,C98062,"Wire-wound high-Q, +/-2% or +/-0.1nH, Murata LQW15AN series",yes
2,L5 L13,2.4nH,2.4nH,L_0402_1005Metric,LQW15AN2N4B00D,C113113,"Wire-wound high-Q, +/-2% or +/-0.1nH, Murata LQW15AN series",yes
1,L6,22nH,22nH,L_0402_1005Metric,LQW15AN22NG00D,C86129,"Wire-wound high-Q, +/-2% or +/-0.1nH, Murata LQW15AN series",yes
1,L7,24nH,24nH,L_0402_1005Metric,LQW15AN24NG00D,C167472,"Wire-wound high-Q, +/-2% or +/-0.1nH, Murata LQW15AN series",yes
1,L8,18nH,18nH,L_0402_1005Metric,LQW15AN18NG00D,C91622,"Wire-wound high-Q, +/-2% or +/-0.1nH, Murata LQW15AN series",yes
1,L9,1.5nH,1.5nH,L_0402_1005Metric,LQW15AN1N5B00D,C18221,"Wire-wound high-Q, +/-2% or +/-0.1nH, Murata LQW15AN series",yes
1,L10,1.6nH,1.6nH,L_0402_1005Metric,MWSD1005C1N6STM01,C778760,"Wire-wound high-Q, +/-2% or +/-0.1nH, Murata LQW15AN series",yes
1,L11,1.1nH,1.1nH,L_0402_1005Metric,MHQ1005P1N1BT000,C1332701,"Wire-wound high-Q, +/-2% or +/-0.1nH, Murata LQW15AN series",yes
1,L12,DNP,DNP,L_0402_1005Metric,,,"Wire-wound high-Q, +/-2% or +/-0.1nH, Murata LQW15AN series",DNP
2,R1 R2,5.1k,5.1k 1% 0402,R_0402_1005Metric,0402WGF5101TCE,C25905,,yes
2,R3 R6,1k,1k 1% 0402,R_0402_1005Metric,0402WGF1001TCE,C11702,,yes
3,R4 R5 R7,10k,10k 1% 0402,R_0402_1005Metric,0402WGF1002TCE,C25744,,yes
1,R8,120k,120k 1% 0402,R_0402_1005Metric,0402WGF1203TCE,C25750,,yes
1,SW1,RESET,RESET,SW_Push_1P1T_XKB_TS-1187A,TS-1187A-B-A-B,C318884,,yes
1,SW2,BOOT,BOOT,SW_Push_1P1T_XKB_TS-1187A,TS-1187A-B-A-B,C318884,,yes
1,TH1,100k B4250,100k B4250,R_0402_1005Metric,NCP15WF104F03RC,C77130,,yes
1,U1,USBLC6-2SC6,USBLC6-2SC6,SOT-23-6,USBLC6-2SC6,C7519,,yes
1,U2,AP7361C-33E,AP7361C-33E,SOT-223-3_TabPin2,AP7361C-33E-13,C500795,,yes
2,U3 U4,LM66100,LM66100,SOT-363_SC-70-6,LM66100DCKR,C2869734,,yes
1,U5,ESP32-S3-WROOM-1U-N16R8,ESP32-S3-WROOM-1U-N16R8,ESP32-S3-WROOM-1U,ESP32-S3-WROOM-1U-N16R8,C3013946,,yes
1,U6,LR2021IMLTRT,LR2021IMLTRT,QFN-32-1EP_5x5mm_P0.5mm_EP3.7x3.7mm_ThermalVias,LR2021IMLTRT,C49421489,,yes
1,Y1,32MHz,32MHz,Crystal_SMD_2016-4Pin_2.0x1.6mm,NX2016SA-32M-EXS00A-CS06465,C1986260,"32MHz, CL=10pF, +/-10ppm, ESR<60R (2016)",yes
